Index,Actual Label,Model Predicted,Confidence,Margin,Text Preview
708,AUTOMOBILE,ACCOUNTANT,0.8217,0.8033,"ACCOUNTANT       Summary    Experienced accounting professional with proficient, analytical and problem solving abilities. Results oriented and flexible in a rapidly changing environment."
1053,ADVOCATE,FITNESS,0.8106,0.7864,HEALTH COACH            www.linkedin.com/in/caitlinmaska truefoodandwellness.com       Professional Summary     Driven and compassionate health and wellness professional with eight years of e
761,DIGITAL-MEDIA,HR,0.7985,0.7646,SR. LEAVE OF ADMINISTRATIVE SPECIALIST       Professional Summary    HR Coordinator who brings  10  years developing efficient payroll and benefits processes within corporate human resources
1742,SALES,CONSTRUCTION,0.7982,0.7517,SALES       Professional Summary    Talented Construction Manager with more than twenty years of success on various projects as an Independent Contractor. Solid experience managing all levels
1560,AUTOMOBILE,AVIATION,0.7863,0.7585,"PROPOSAL COORDINATOR           Experience      Proposal Coordinator   03/2013   to   07/2014     Company Name   City  ,   State       Prepare, coordinate, manage and revise maintenance and mo"
51,ARTS,HR,0.7754,0.733,SALES & CUSTOMER SERVICE REP           Summary     Administrative & HR Professional Holds Master of Arts (Honors) degree in Human Resource Development from Bowie State University with a 4.0 G
653,ENGINEERING,AVIATION,0.7565,0.6867,"ENGINEERING PROJECT MANAGER III       Summary    Results-focused, safety conscientious team leader/player with more than 15 years of successful experience in the aviation industry as Field En"
886,ARTS,CHEF,0.7522,0.6984,"SOUS CHEF/LINE COOK       Summary     Quality-focused and efficient Cook adept at preparing and plating food in high energy, fast-paced kitchens. I am   seeking to use my culinary skills to p"
1170,BPO,BANKING,0.7503,0.6886,"RISK SPECIALIST       Professional Summary     Sales and operations professional with experience in the wholesale, retail, servicing and loss mitigation in the mortgage banking industry.  Exp"
863,CONSULTANT,HR,0.7446,0.69,"CONSULTANT           Summary    HR Professional with nearly 5 years of experience with expertise in HR Operations, Benefits, Employee Relation, HRIS , Payroll, HR Metrics & Employee Database"
664,ARTS,TEACHER,0.7429,0.6006,INTERVENTION SPECIALIST TEACHER OF MATH AND LANGUAGE ARTS           Objective     To gain the position as the resource room teacher at Howell Township Public Schools.        Summary of Qualif
345,BPO,HR,0.7391,0.7083,"SENIOR MANAGER           Skill Highlights          Windows / Mac OS, MS office suite, HRMS oracle applications  Training Attended  Year  Title  Location  Organised by  2011  Basic Leadership"
1658,ACCOUNTANT,FINANCE,0.739,0.6993,"ACCOUNTANT           Summary    Senior-Level IT Finance Management Professional Highly knowledgeable, dedicated and ethical Senior-Level IT Management Professional, credited with 20 years of"
1084,CONSULTANT,INFORMATION-TECHNOLOGY,0.7367,0.6882,"Qualifications        Microsoft Office Specialist, Symantec Endpoint Protection, Symantec Backup Exec., A+, Network+; Expert use of Service Management software & tools; Ability to learn new sk"
1039,FITNESS,ENGINEERING,0.7353,0.6702,"MECHANICAL DESIGN ENGINEER INTERN       Summary    Over 2 years of combined professional and educational experience in 3D Modelling and Product Design 1 year of hands-on experience in FEA, St"
1535,ADVOCATE,HR,0.7329,0.6889,HUMAN RESOURCES MANAGER       Summary     To continue my professional Human Resource career in a position of leadership focused on creative people strategies and that improve employee engagem
693,INFORMATION-TECHNOLOGY,HEALTHCARE,0.7318,0.6817,STAFF PHARMACIST       Summary     Patient and professional excellence oriented Pharmacist with Doctor of Pharmacy and Master in Science degrees. Nine years of retail experience providing out
539,CONSULTANT,ENGINEERING,0.7309,0.6936,CONSULTANT       Profile       Skilled professional with 15 years of experience in electrical and quality engineering for numerous engineering  and quality control processes. Expertise in cre
778,ADVOCATE,FINANCE,0.7297,0.5958,FINANCE DIRECTOR       Professional Summary    To find a new and challenging position that will utilize the skills that I've acquired and help others maximize their skills and potential. Ambi
1420,BUSINESS-DEVELOPMENT,CHEF,0.7291,0.644,BUSINESS DEVELOPMENT INTERN         Summary    Highly skilled and organized individual who has won employee of the month a lot of  times with an infectious enthusiasm to work in fast paced en
1374,FINANCE,ACCOUNTANT,0.7278,0.5779,"FINANCE MANAGER       Summary    Identified fraud of $75,000, and during litigations testified as an expert witness in 2004 Puerto Rico Superior Court, client won the case and recovered $50,0"
1288,AUTOMOBILE,AVIATION,0.7224,0.6651,"AUTOMOBILE TRANSPORTER       Professional Summary     Dedicated, responsible Class A driver  with a clean driver's license. Self-motivated and customer-focused.Exceptional leader talented at"
56,DIGITAL-MEDIA,INFORMATION-TECHNOLOGY,0.7224,0.655,DIRECTOR IT CLIENT SERVICES FILMS & OPERATIONS AND TECHNICAL SERVICES WEST COAST       Executive Profile    I have over 20 years of experience in Information Technology spanning from Entertai
668,HEALTHCARE,BANKING,0.7211,0.6234,VICE PRESIDENT-BUSINESS BANKING SALES MANAGER AND HEALTHCARE SPECIALTY BANKER       Executive Summary    Top Notch Financial Professional with diverse banking and financial services backgroun
479,CONSTRUCTION,ACCOUNTANT,0.7198,0.6663,"CONSTRUCTION BOOKKEEPER         Summary     Accounting Professional offering 13 years experience in bookkeeping and an effective, analytical approach to identifying and solving complex proble"
526,APPAREL,PUBLIC-RELATIONS,0.7142,0.5659,"DIRECTOR OF PR & SOCIAL MEDIA       Executive Profile     Dynamic and results-driven Senior Public Relations Executive with  over 7 years of experience in impacting brand presence, performanc"
795,ARTS,BANKING,0.7132,0.6777,LANDSCAPE TECHNICIAN       Professional Profile    Diligent and driven banking professional who has achieved success in a variety of roles with increasing levels of responsibility. An effecti
1244,DIGITAL-MEDIA,PUBLIC-RELATIONS,0.7106,0.6412,"MEDIA SPECIALIST II       Professional Summary     I want to continue to embark on a progressive career path, building successful public relations and communications programs and have continu"
703,INFORMATION-TECHNOLOGY,ENGINEERING,0.7105,0.6596,"WORKING         RF SYSTEMS ENGINEER             Qualifications        Microsoft office/Office for Mac, pages, numbers, keynote · RF/Microwave software: Ansoft Designer, AWR Microwave Office."
1654,ADVOCATE,HEALTHCARE,0.709,0.624,"SENIOR APPLICATION SPECIALIST       Professional Summary     Highly motivated, results and detail oriented leader with strong communication, leadership, and troubleshooting skills.  I have a"
1286,AVIATION,INFORMATION-TECHNOLOGY,0.7022,0.6199,NETWORK ADMINISTRATOR       Summary     Analytical  Network Administrator  adept at resolving complex network issues. Critical thinker who addresses customer support issues quickly and who co
1293,SALES,BUSINESS-DEVELOPMENT,0.7014,0.574,"SALES ASSOCIATE       Summary     SALES & BUSINESS DEVELOPMENT  Business development professional with 14 + years being successful at acquiring, expanding and managing key health care account"
1553,FITNESS,HR,0.7012,0.6326,"CUSTOMER CARE REPRESENTATIVE       Professional Summary    Expert communicator with strong conflict resolution skills. Extensive background in customer service, recruitment and retention, med"
843,APPAREL,ENGINEERING,0.7004,0.6558,DIRECTOR OF ENGINEERING       Executive Profile     Proactive engineer with years of experience and management skills in Operation Management and Industrial Engineering with a passion to incr
1780,APPAREL,SALES,0.7001,0.6495,EMBROIDERY MACHINE OPERATOR       Summary    To find employment with a good reputable company with a chance to advance to the best of my  abilities and job skills.      Skills          Custom
79,ADVOCATE,HEALTHCARE,0.699,0.6644,PHLEBOTOMIST         Professional Summary    Reliable and highly accurate Phlebotomist Preceptor focused on quality completion of all lab procedures under tight deadlines. Works well under pr
686,FITNESS,SALES,0.6984,0.6424,SALES ASSOCIATE/CASHIER       Summary     Nine years of experience providing customer support ·Managed a high-volume workload within a deadline-driven environment · Pleasant and professional
994,AUTOMOBILE,SALES,0.6956,0.6253,RECRUITER         Career Overview     Mature and professional administrative assistant with over 8 years of experience  seeking an employment opportunity where my skills and versatility
1514,TEACHER,ARTS,0.6956,0.6092,"TEACHER           Summary    Highly ethical, dependable, and diligent expert in the Curriculum Development field.      Highlights          Curriculum development and assessment  MS Office pro"
696,ADVOCATE,HR,0.6954,0.643,"HUMAN RESOURCES PROFESSIONAL       Professional Summary     Experienced working in fast-paced environments demanding strong organizational, technical, and interpersonal skills. Highly trustwo"
354,BUSINESS-DEVELOPMENT,BANKING,0.6895,0.6319,BUSINESS DEVELOPMENT SPECIALIST/BRANCH MANAGER       Summary      Well-qualified and results-oriented manager with 10 years of experience in positions of increasing responsibility and duties.
567,ARTS,DESIGNER,0.6882,0.6182,"CREATIVE DIRECTOR         Career Focus    Creative Director, Graphic Artist, Studio Artist, Data Analyst, Sales and Marketing Representative - I have extensive experience with creating and di"
1858,AGRICULTURE,BANKING,0.6865,0.5949,FINANCIAL INSTITUTION EXAMINER       Summary    Commissioned bank examiner with over five years of experience with the FDIC.    Strong analytical skills and technical background in credit rev
63,AUTOMOBILE,ADVOCATE,0.6782,0.6338,"CUSTOMER SERVICE REPRESENTATIVE         Summary    A dependable, quality-focused specialist seeking an opportunity that offers a variety of challenges and responsibilities that would allow my"
46,BUSINESS-DEVELOPMENT,BANKING,0.6744,0.5987,"BUSINESS DEVELOPMENT SPECIALIST       Summary     Dynamic and reliable Banking Professional with 15 years of retail banking, customer service and consulting experience.  Many years as a Train"
2047,DIGITAL-MEDIA,PUBLIC-RELATIONS,0.6737,0.6139,MEDIA ACTIVITIES SPECIALIST       Summary     Multi-Tasking				Media Relations		Results-oriented   Strategic Initiatives			Event Planning		        Writer & Editor   Manager/Supervisor 		Flexi
2096,SALES,BUSINESS-DEVELOPMENT,0.6733,0.5717,"SALES EXECUTIVE       Summary    SALES EXECUTIVE Results driven, customer centered sales executive with 24 plus years of experience in different industries.  Proven ability to meet sales quot"
208,AVIATION,ENGINEERING,0.6713,0.5735,"LEAD ENGINEER - FLUID SYSTEMS AND THERMAL ACCESSORIES           Summary     Forward thinking Mechanical Engineer with several years of experience in product design and development, process im"
1383,FINANCE,ACCOUNTANT,0.669,0.559,FINANCE COORDINATOR       Summary    To acquire a position that will grant me the opportunity to contribute to the efficient operation of a firm and earn advancement through my job performanc
121,AVIATION,BUSINESS-DEVELOPMENT,0.6688,0.5886,"ACCOUNT EXECUTIVE         Professional Summary       Account Executive    Accomplished sales-management professional with 5+ years of solid account management, strategic-negotiation, business"
90,DESIGNER,HEALTHCARE,0.6676,0.5747,FORMS DESIGNER         Professional Summary    Professionally trained  [job title]  with experience ensuring high standards of culturally competent care for wide variety of patients with dive
400,CONSULTANT,HEALTHCARE,0.6647,0.5908,CONSULTANT         Professional Summary       Health care Administrative Assistant with 3 years of experience    Experience in the health field for 5+ years    Allocated monthly budget of $10
1339,HEALTHCARE,HR,0.6643,0.5824,"HEALTHCARE RECRUITER         Highlights        Microsoft Office Suite (Word, Excel PowerPoint, Outlook, Access); Google Documents; WinTeam.              Experience      Healthcare Recruiter"
586,HEALTHCARE,ADVOCATE,0.6637,0.5472,"COMMUNICABLE DISEASE SPECIALIST           Summary     Bachelors of Health Science with 7+ years experience in social services and medical health settings, working with diverse populations in"
112,DIGITAL-MEDIA,PUBLIC-RELATIONS,0.6602,0.5634,"SOCIAL MEDIA CONTENT CREATOR       Summary     Communications expert who specializes in social media marketing. Extensive background in Customer Service,public relation, and social media inte"
1840,AVIATION,ENGINEERING,0.6529,0.5929,SOFTWARE ENGINEERING CO-OP       Summary    Highly skilled  and Accomplished computer software specialist with more than 7+ years of technical experience in programming development across mul
1243,ACCOUNTANT,FINANCE,0.652,0.4797,"CORPORATE ACCOUNTANT           Summary     Strategic and analytical finance professional with  23 + years of success in financial reporting, analysis and project management.  Highly motivated"
1562,PUBLIC-RELATIONS,HR,0.6482,0.4994,HUMAN RESOURCES SUPERVISOR       Summary    I am a human resources & business administrator with over 10 years of progressive experience; augmented by a strong post-graduate background in hum
504,HR,ACCOUNTANT,0.645,0.5902,"HR CLERK       Summary     I am an ethical, team oriented and policy driven individual with experience in AP/AR, Human Resource Administration, Auditing, Documentation experience, Property Ma"
731,PUBLIC-RELATIONS,DIGITAL-MEDIA,0.6435,0.523,"WEB DEVELOPMENT COORDINATOR         Highlights        Adobe Photoshop, Acrobat, Dreamweaver *Content Management Systems (CMS) *MS Office (Word, Excel, PowerPoint, Outlook) *Quark Xpress, Inte"
1769,HEALTHCARE,FINANCE,0.6417,0.5136,SENIOR DIRECTOR OF BUSINESS OPERATIONS - HEALTHCARE         Executive Profile     Operations Executive with solid experience demonstrating strong leadership to achieve overall corporate goals
1333,CONSULTANT,HEALTHCARE,0.6387,0.5053,"CONSULTANT           Executive Profile    As a professional in health care for over 40 years, I have had numerous experiences, clinical and nonclinical, that would be an asset to any organiza"
1246,APPAREL,DESIGNER,0.6384,0.3997,"FREELANCE DESIGNER         Highlights        * Efficiently lead and coordinated all product development stages. * Research market needs for development of new products, remain up-to-date on e"
1157,ADVOCATE,BANKING,0.6373,0.4281,"PERSONAL BANKER(SAFE)1 AND BUSINESS ADVOCATE       Profile     Skilled and awarded Personal and Business Banker whose talents shine in a competitive, innovative and creative environment. Trac"
1325,CONSULTANT,BUSINESS-DEVELOPMENT,0.6359,0.5452,"CONSULTANT             Experience     07/2011   -   Current     Company Name   －   City  ,   State    Consultant        Developed new business for PARS in the governmental retirement plan mar"
967,ARTS,FITNESS,0.6339,0.5068,MATERIAL AND TOOLING CONTROL LEAD       Summary      Qualified  manufacturing manager and electrician  who stays current with public safety and security standards. Safely operates and maneuve
1449,INFORMATION-TECHNOLOGY,CONSULTANT,0.6305,0.4843,"INFORMATION TECHNOLOGY AUDITOR         Skills        PeopleSoft HCM 8.8/9.x, PeopleSoft Financials 8.8/9.x,  PeopleTools 8.51/ 8.54, SQL Developer, MS Office, Visio, MS Project, Dell Stat 5.6"
1768,SALES,APPAREL,0.6303,0.4211,SALES ASSOCIATE       Summary    I am an industrious Fashion Business Management undergrad seeking employment with a fashion brand that will utilize my knowledge and skills for a product deve
1194,CONSULTANT,PUBLIC-RELATIONS,0.6296,0.3901,CONSULTANT       Summary     A dynamic public relations professional with 15 years of experience in developing integrated communications and media relations programs that drive executive emin
1921,TEACHER,HEALTHCARE,0.6276,0.439,"TEACHER         Professional Background     Certified Nursing Assistant with experience serving chronically ill patients, including assisting with daily living activities and household tasks."
413,CONSULTANT,FINANCE,0.6251,0.5104,"CONSULTANT           Professional Summary     AUDIT DIRECTOR Extensive experience in developing and redesigning internal audit departments, domestically and internationally in 19 countries. R"
1524,ENGINEERING,ACCOUNTANT,0.6221,0.4265,PROJECT ADMINISTRATOR 	ENGINEERING       Summary    A consistent team leader with great analytic and interpersonal skills; highly focused in achieving and maintaining excellent customer relat
101,HEALTHCARE,DIGITAL-MEDIA,0.6211,0.4623,DIGITAL MARKETING SPECIALIST         Summary     I'm a creative retail-marketing professional with 10 years of experience managing omnichannel marketing campaigns. My specialties include digi
237,ARTS,HR,0.6197,0.4109,"LOGISTICS COORDINATOR       Summary    To obtain a full-time position with a company that offers opportunities and growth potential, while contributing to the success of my employer. I'm a ex"
2102,ARTS,CHEF,0.6196,0.4148,CULINARY ARTS INSTRUCTOR           Executive Profile    I am seeking a responsible and challenging position that offers opportunities for personal and professional growth in a culinary enviro
272,ACCOUNTANT,HEALTHCARE,0.6187,0.4474,GENERAL ACCOUNTANT           Career Focus     To obtain a position which will allow me to utilize skills I have acquired through my education and work experiences while continuing to expand m
2064,ARTS,PUBLIC-RELATIONS,0.6185,0.5684,ADMINISTRATIVE ASSISTANT         Summary    To acquire a challenging position with a reputable agency that will allow me the opportunity to showcase and further develop my skills and gain exp
884,INFORMATION-TECHNOLOGY,TEACHER,0.6178,0.5583,"INFORMATION TECHNOLOGY ANALYST       Summary    To pursue a caring and creative career, where I can apply my existing knowledge, acquire new skills and contribute effectively to this nation's"
1685,APPAREL,SALES,0.6147,0.3959,APPAREL ZONE SUPERVISOR           Summary    Expert retail sales professional offering 4+ years experience in multiple retail settings. Focused on exceeding sales goals. Punctual retail sales
424,FINANCE,CONSTRUCTION,0.6147,0.5489,SALES / FINANCE MANAGER       Summary    Looking out for a position as administration assistance with a reputed firm where I could use my core competencies and knowledge for the mutual growth
1171,SALES,BUSINESS-DEVELOPMENT,0.6141,0.57,SALES           Summary      Bilingual Account Executive with over 15yrs of experience   Experienced managing up to 120 Retail Wireless Doors for Corporate Indirect Channel   Over 20yrs of su
361,APPAREL,BANKING,0.6141,0.4563,INDEPENDENT BEAUTY ADVISOR       Career Overview    To gain an entry-level position in the customer service industry with room for growth and advancement that will lead to a lasting relations
1061,CHEF,AVIATION,0.6112,0.5439,"MATERIAL LOGISTICS SPECIALIST           Career Overview    Vacancy Identification Number (VIN: 1192501) Claims Assistant (Intake  Specialist), GS05/07. Over 10 years of Administration and Log"
1466,APPAREL,INFORMATION-TECHNOLOGY,0.6095,0.4261,"IT COMPLIANCE AUDITOR       Career Overview     I offer 15 years' experience in various areas of the Information Technology Field. Including five years experience installing, configuring, and"
1510,BANKING,INFORMATION-TECHNOLOGY,0.6091,0.4639,"REGIONAL IT MANAGER       Professional Summary     Exceptional IT Manager talented at personnel management, vendor management and business strategy development. Technically-savvy with outstan"
20,CONSULTANT,CONSTRUCTION,0.6065,0.4443,CONSTRUCTION CONSULTANT       Summary    To secure a project management position with a dynamic organization where I can be contribute to a team and utilize my extensive leadership experience
1985,ARTS,TEACHER,0.6052,0.3535,6 - 8 LANGUAGE ARTS GRADE TEACHER         Summary     Enthusiastic Language Arts educator seeking growth as an education specialist within a school that is dedicated to the academic and socio
1527,DESIGNER,AVIATION,0.6005,0.4523,"LEAD INSTRUCTIONAL DESIGNER       Summary    An Instructional System Designer of distinguished and successful experience, with all facets of training and professional development design and i"
