category,rank,term,tfidf_score
ACCOUNTANT,1,accountant,0.0934
ACCOUNTANT,2,accounting,0.082
ACCOUNTANT,3,financial,0.0589
ACCOUNTANT,4,accounts,0.0575
ACCOUNTANT,5,ledger,0.0567
ACCOUNTANT,6,general ledger,0.0525
ADVOCATE,1,advocate,0.0635
ADVOCATE,2,state,0.0329
ADVOCATE,3,city state,0.0319
ADVOCATE,4,city,0.0317
ADVOCATE,5,care,0.0314
ADVOCATE,6,customer,0.0301
AGRICULTURE,1,agriculture,0.0543
AGRICULTURE,2,state,0.0318
AGRICULTURE,3,research,0.031
AGRICULTURE,4,city,0.0304
AGRICULTURE,5,city state,0.0292
AGRICULTURE,6,company,0.0288
APPAREL,1,apparel,0.0466
APPAREL,2,sales,0.0448
APPAREL,3,merchandising,0.0413
APPAREL,4,store,0.0409
APPAREL,5,state,0.0349
APPAREL,6,city state,0.0349
ARTS,1,arts,0.0488
ARTS,2,students,0.0427
ARTS,3,teacher,0.0366
ARTS,4,student,0.0356
ARTS,5,state,0.0348
ARTS,6,school,0.0335
AUTOMOBILE,1,automobile,0.0373
AUTOMOBILE,2,customer,0.0369
AUTOMOBILE,3,service,0.0336
AUTOMOBILE,4,state,0.0332
AUTOMOBILE,5,company,0.032
AUTOMOBILE,6,city,0.0318
AVIATION,1,aviation,0.0798
AVIATION,2,aircraft,0.0699
AVIATION,3,flight,0.0402
AVIATION,4,maintenance,0.0373
AVIATION,5,safety,0.0321
AVIATION,6,navy,0.0315
BANKING,1,banking,0.0667
BANKING,2,financial,0.0436
BANKING,3,loan,0.0377
BANKING,4,bank,0.0375
BANKING,5,business,0.0354
BANKING,6,sales,0.0327
BPO,1,bpo,0.0532
BPO,2,client,0.0358
BPO,3,management,0.0346
BPO,4,call,0.031
BPO,5,support,0.0305
BPO,6,team,0.0278
BUSINESS-DEVELOPMENT,1,business development,0.0801
BUSINESS-DEVELOPMENT,2,sales,0.0556
BUSINESS-DEVELOPMENT,3,business,0.0503
BUSINESS-DEVELOPMENT,4,marketing,0.0464
BUSINESS-DEVELOPMENT,5,development,0.0449
BUSINESS-DEVELOPMENT,6,market,0.0354
CHEF,1,chef,0.1092
CHEF,2,food,0.0854
CHEF,3,kitchen,0.0778
CHEF,4,culinary,0.0685
CHEF,5,menu,0.0589
CHEF,6,restaurant,0.0529
CONSTRUCTION,1,construction,0.1082
CONSTRUCTION,2,project,0.0439
CONSTRUCTION,3,site,0.0374
CONSTRUCTION,4,safety,0.0373
CONSTRUCTION,5,projects,0.0372
CONSTRUCTION,6,state,0.032
CONSULTANT,1,consultant,0.061
CONSULTANT,2,business,0.0305
CONSULTANT,3,company,0.0297
CONSULTANT,4,management,0.029
CONSULTANT,5,state,0.0288
CONSULTANT,6,city,0.0286
DESIGNER,1,designer,0.1063
DESIGNER,2,design,0.0644
DESIGNER,3,graphic,0.0474
DESIGNER,4,graphic designer,0.0389
DESIGNER,5,city,0.0339
DESIGNER,6,designer summary,0.0334
DIGITAL-MEDIA,1,digital,0.0728
DIGITAL-MEDIA,2,media,0.07
DIGITAL-MEDIA,3,marketing,0.0536
DIGITAL-MEDIA,4,content,0.045
DIGITAL-MEDIA,5,social media,0.0447
DIGITAL-MEDIA,6,social,0.0427
ENGINEERING,1,engineering,0.0892
ENGINEERING,2,engineer,0.0424
ENGINEERING,3,manufacturing,0.0389
ENGINEERING,4,mechanical,0.0386
ENGINEERING,5,design,0.0368
ENGINEERING,6,project,0.0354
FINANCE,1,finance,0.0788
FINANCE,2,financial,0.0599
FINANCE,3,accounting,0.0575
FINANCE,4,reporting,0.0376
FINANCE,5,finance manager,0.0348
FINANCE,6,accounts,0.0344
FITNESS,1,fitness,0.0937
FITNESS,2,exercise,0.0458
FITNESS,3,state,0.0322
FITNESS,4,city,0.0321
FITNESS,5,members,0.032
FITNESS,6,instructor,0.0319
HEALTHCARE,1,healthcare,0.0717
HEALTHCARE,2,patient,0.0487
HEALTHCARE,3,medical,0.0477
HEALTHCARE,4,care,0.0467
HEALTHCARE,5,patients,0.0384
HEALTHCARE,6,health,0.0366
HR,1,hr,0.103
HR,2,human,0.0635
HR,3,employee,0.0623
HR,4,human resources,0.059
HR,5,benefits,0.0533
HR,6,resources,0.0456
INFORMATION-TECHNOLOGY,1,information technology,0.0745
INFORMATION-TECHNOLOGY,2,technology,0.0592
INFORMATION-TECHNOLOGY,3,network,0.0568
INFORMATION-TECHNOLOGY,4,hardware,0.0472
INFORMATION-TECHNOLOGY,5,server,0.0433
INFORMATION-TECHNOLOGY,6,software,0.0411
PUBLIC-RELATIONS,1,public relations,0.0799
PUBLIC-RELATIONS,2,public,0.0656
PUBLIC-RELATIONS,3,media,0.0633
PUBLIC-RELATIONS,4,relations,0.0616
PUBLIC-RELATIONS,5,press,0.0588
PUBLIC-RELATIONS,6,marketing,0.0491
SALES,1,sales,0.0649
SALES,2,sales associate,0.0464
SALES,3,customers,0.0448
SALES,4,customer,0.0432
SALES,5,service,0.0365
SALES,6,customer service,0.0364
TEACHER,1,teacher,0.1029
TEACHER,2,students,0.0682
TEACHER,3,classroom,0.0614
TEACHER,4,learning,0.0528
TEACHER,5,student,0.0527
TEACHER,6,teaching,0.0516
