Actual,Predicted,Confidence,Text Preview (200 chars)
APPAREL,HR,1.0,CFO ASSISTANT/EXECUTIVE ADMINISTRATOR/HR MANAGER/CS           Professional Summary    To apply myself in a new and challenging position with a progressive organization for long-term employmen
HEALTHCARE,PUBLIC-RELATIONS,1.0,"OWNER       Summary     Results-oriented individual with diverse background in management and customer service. Dedicated to providing excellent customer service and Strong work ethic, profes"
ARTS,PUBLIC-RELATIONS,1.0,"MARKETING MANAGER       Summary    To use my skills, knowledge and enthusiasm to advance the public image and credibility of a business-driven company, in a manner consistent with its existin"
DIGITAL-MEDIA,INFORMATION-TECHNOLOGY,1.0,"SPRINT ISP MANAGEMENT TO THE VENDOR             Qualifications          Windows 95-XP-Windows 7/8.8,1/10  Windows NT/2000/2003/2008/2012  Red Hat (limited)  Ubuntu (limited) VIRTUALIZATION TE"
DIGITAL-MEDIA,PUBLIC-RELATIONS,1.0,"DIGITAL MARKETING COORDINATOR         Skills          PROFESSIONAL SUMMARY  Digital Marketing Coordinator skilled in leveraging the power of blogs, online communities and social media platfor"
PUBLIC-RELATIONS,FITNESS,1.0,"BILLING SERVICES ASSOCIATE           Professional Summary    Detail-oriented and versatile government, commercial, and non-profit billing professional with proven ability to efficiently manag"
CONSULTANT,AVIATION,1.0,"JEWELRY CONSULTANT           Summary    As you will see on my resume, I have the required experience, education, and training you seek in a candidate.  In addition, I am a military spouse and"
APPAREL,FINANCE,1.0,"BRANCH ADMINISTRATOR           Objective     Obtain a challenging position which will demonstrate and highlight my organizational, customer service, communication, and project management skil"
DIGITAL-MEDIA,BUSINESS-DEVELOPMENT,1.0,"DIGITAL MEDIA CONSULTANT       Summary     Dynamic and results-driven Outside Sales and Territory Manager with over 15 years of successful new business development, competitive market share e"
ENGINEERING,ADVOCATE,1.0,"ENGINEERING OFFICE CLERK           Experience      Engineering Office Clerk  ,     01/2018   to   01/2019     Company Name   –   City  ,   State      Provides departmental clerical support to"
FINANCE,ACCOUNTANT,1.0,"GLOBAL FINANCE ACCOUNTANT       Summary    Honest, reliable, dependable, hardworking, quick learner, enthusiastic, motivated individual with strong work ethics, who is results driven, detail"
AUTOMOBILE,BANKING,1.0,"POLICY SERVICE SPECIALIST III       Professional Summary    Seeking the position of Claims Representative I, where my skills, experience, and assistance can be utilized for the success of"
BPO,CHEF,1.0,MANAGER- ADMINISTRATION & FACILITIES           Executive Summary     A motivated administrative professional seeking a position in a challenging environment. Over 8 years experience successfu
ENGINEERING,CONSTRUCTION,1.0,"ENGINEERING INTERN       Professional Summary    Petroleum Engineering Graduate and Military Veteran seeking a full-time position in an organization that will allow for professional growth, a"
CONSTRUCTION,ENGINEERING,1.0,SAFETY PROFESSIONAL / CONSTRUCTION SUPERVISOR       Summary    Seeking a Purchasing Manager position with a firm in the Western New York vicinity in which I can utilize my 15+ years experienc
CONSTRUCTION,DESIGNER,1.0,CONSTRUCTION       Executive Summary    To find an internship in the profession where I can gain experience in and exposure to the practice of product design.      Core Qualifications
FINANCE,ACCOUNTANT,1.0,"AVP, FINANCE       Summary     Accounting professional with extensive experience financial and managerial accounting practices and procedures. Detail oriented with strong organizational skill"
BANKING,INFORMATION-TECHNOLOGY,1.0,"SOFTWARE ENGINEER             Qualifications        C# 3.0, PL/SQL, JavaScript, HTML 4, CSS 2  Framework: .NET 3.5  Database: SQL Server 2008, Oracle 9i  Operating systems: Windows 98/XP, Win"
DIGITAL-MEDIA,INFORMATION-TECHNOLOGY,1.0,"IT & MEDIA ADMINISTRATOR       Summary    Experienced IT Administrator with a keen eye for innovative solutions and 15 years of experience in troubleshooting, managing and ensuring that netwo"
FINANCE,ACCOUNTANT,1.0,SENIOR MANAGER -NATIONAL SALES FINANCE           Executive Profile     Ambitious [Job Title] who creates strategic alliances with organization leaders to effectively align with and support ke
FINANCE,ACCOUNTANT,1.0,"FINANCE SPECIALIST       Summary    To be able to join an organization where I can utilize my proficiency with accounting principles, along with a flair for accuracy towards performing my dut"
PUBLIC-RELATIONS,DIGITAL-MEDIA,1.0,"CONTENT STRATEGIST       Summary     Energetic and persuasive Public Relations Specialist offering expertise in public speaking, advertising and media relations. Seeking employment with an es"
CONSULTANT,ACCOUNTANT,1.0,CONSULTANT           Summary    Accomplished and highly skilled Controller with a proven ability to impact corporate performance through skillful orchestration of fiscal management and team l
SALES,PUBLIC-RELATIONS,1.0,SALES           Career Overview     Executive Assistant who is skilled at multi-tasking and maintaining a strong attention to detail. Employs professionalism and superior communication skills
ARTS,ADVOCATE,1.0,CO- FOUNDER/THERAPIST AND TEACHING ARTIST       Summary     Mental Health Counselor specializing in  Art and Play Therapies . Responsible self-starter who communicates well and is dedicated t
CONSULTANT,SALES,1.0,"CONSULTANT           Summary    Professional, dedicated hard worker. Over 10 years of Customer Service Experience. Self-motivated inside Sales Representative with excellent verbal and written"
ARTS,DIGITAL-MEDIA,1.0,"EXECUTIVE DIRECTOR       Career Overview     Highly motivated public servant for over 35 years in a multitude of facets to include: Administrative Management, Logistics Management, Budget Man"
CONSULTANT,HEALTHCARE,1.0,"CONSULTANT         Summary     Versatile Management Professional trained in Insurance, Healthcare, Project Management, and Operational Leadership who thrives in dynamic, challenging and fast-"
APPAREL,HR,1.0,SUBSTITUTE TEACHER           Summary    Seeking an Administrative position where my professional experience and education will allow me to make an immediate contribution as an integral part o
SALES,APPAREL,1.0,SALES MANAGER       Summary    Friendly and enthusiastic with over six years of specialization in hospitality. Able to learn new tasks quickly and proficient in growing key customer relations
FINANCE,AVIATION,1.0,FINANCE OFFICER       Professional Summary    Bilingual self-starter with broad customer service background. Skilled in developing relationships and providing exceptional individualized servi
DESIGNER,ENGINEERING,1.0,LEAD DESIGNER       Career Focus     An professional with experience in dealing with the optimization of complex processes or systems as well as providing steel framing solutions to residenti
AGRICULTURE,FINANCE,1.0,DIRECTOR OF FINANCE           Summary    Financial Statement Reporting & Analysis Budgeting & Forecasting SOX Compliance Accounts Payable/Receivable Sales & Use Tax Returns SEC Reporting Prob
BUSINESS-DEVELOPMENT,PUBLIC-RELATIONS,1.0,"BUSINESS DEVELOPMENT COORDINATOR/EVENT COORDINATOR           Summary    Dynamic and creative Business Development Coordinator with a successful career in marketing,promotions,public relations"
FITNESS,TEACHER,1.0,AVID TUTOR         Core Qualifications          Academic planning  Goal setting and implementation  Counseling  Group instruction       Microsoft office  Public speaking  Attention to detail
HEALTHCARE,APPAREL,1.0,"SENIOR ANALYST - BUSINESS INTELLIGENCE AND ANALYTICS - HEALTHCARE       Summary     My 9 years of experience working in Retail, Analytics, and Reporting have given me a strong understanding o"
SALES,AGRICULTURE,1.0,"SALES CONSULTANT         Summary    A current sophomore majoring in sociology whom enjoys working and interacting with people. Technologically savvy, a quick learner, and a strong work ethic"
SALES,CHEF,1.0,"SALES ASSOCIATE       Professional Summary    Food service worker with fast food, retail and customer service experience. Trained in food safety and handling. Highlights Neat, clean and profe"
BANKING,ARTS,1.0,"BANKING BOOT CAMP PARTICIPANT       Summary     Recent graduate student with a bachelors in Economics and minors in Finance From Central Connecticut State University, Looking to get some work"
DESIGNER,PUBLIC-RELATIONS,1.0,"GRAPHIC DESIGNER       Summary    ➢ While working as Front Desk Receptionist at Meyer Sound, contributed to Marketing Team by updating and translating marketing materials, updating website, a"
ACCOUNTANT,APPAREL,1.0,ACCOUNTANT       Summary     Reliable Customer Service Representative with extensive track record in demanding sales and account management environments.  Personable and responsible Cashier w
FITNESS,SALES,1.0,ACCOMMODATION SERVICE EXECUTIVE LL       Professional Summary    Customer service and sales expert who identifies customer needs and delivers solutions to problems. Driven to exceed sales and
AUTOMOBILE,FINANCE,1.0,SERVICES ENGINEER           Summary    Seeking a challenging and exciting job in a growth oriented industry were my potential for hard work and skills will be fully utilized        Experience
ADVOCATE,SALES,1.0,GRADATION CANDIDATE ADVOCATE       Executive Summary      High-energy Manager successful in building and motivating dynamic teams. Cultivates a company culture in which staff members feel com
AGRICULTURE,HEALTHCARE,1.0,RESEARCH MOLECULAR/RESEARCH  MICROBIOLOGIST/RESEARCH ECOLOGIST (RESEARCH ASSOCIATE)       Professional Summary     Fully credentialed LPN with experience providing compassionate care in a hos
AGRICULTURE,ENGINEERING,1.0,"SAFETY INTERN         Areas of Expertise         Occupational Safety Microsoft Word, Excel, Power Point, E-Tools             Professional Experience     05/2015   to   08/2015     Safety Inte"
FINANCE,ACCOUNTANT,1.0,ACTING FINANCE MANAGER         Summary     Innovative Accountant proficient in extracting financial data from various reporting systems and suggesting key operational changes.   Accommodating
ARTS,HEALTHCARE,1.0,"CUSTOMER SERVICE ASSOCIATE/CASHIER           Summary    Highly motivated professional seeking a Receptionist position. Possesses excellent communication skills, a strong intuitive analytical"
BANKING,FITNESS,1.0,"PROGRAM ASSISTANT         Professional Summary     Program Assistant with supervising experience and exceptional people skills. Versed in Daxko Operations, membership, childcare. Desires a ch"
SALES,CHEF,1.0,"SALES REPRESENTATIVE       Summary     Food service worker with fast food, retail and customer service experience. Trained in food safety and handling.  Also have some Sales Representative Sk"
ADVOCATE,HR,1.0,"ADMINISTRATIVE ASSISTANT         Summary     Masters prepared Administrative Assistant seeking a position as Human Resource Assistant. Exceptional administrative skills, human resource experi"
AGRICULTURE,TEACHER,1.0,"LEAD TEACHER       Professional Summary    Seeking an Education Coordinator position with a company that will allow me to fully manage curriculum development, coordinate on the job training o"
TEACHER,HEALTHCARE,1.0,"SUBSTITUTE TEACHER         Summary    HEALTH ADMINISTRATION HOSPITAL OPERATIONS PUBLIC SERVICE major. An intelligent, enthusiastic young professional with a progressive career in healthcare a"
ENGINEERING,INFORMATION-TECHNOLOGY,1.0,QA ENGINEERING TEAM LEAD         Career Overview    Eight years of progressive technical experience in quality assurance engineering of computer software in windows environment Strong practic
HEALTHCARE,FITNESS,1.0,"CERTIFIED PERSONAL TRAINER           Professional Summary       Certified Personal Trainer     4+ years of experience with formal training in business development, leadership, health and fitn"
FITNESS,SALES,1.0,"SALES ASSOCIATE       Summary    Customer service oriented associate with over two years' worth of experience working with the public, and over 1 year's worth of money-handling experience. Co"
ADVOCATE,HEALTHCARE,1.0,VICE PRESIDENT       Executive Profile     Accomplished at building and sustaining outstanding teams. Creates a team vision that supports the organizational vision. Skilled at turning teams i
CHEF,TEACHER,1.0,"KINDERGARTEN TEACHER         Professional Summary       Energetic, results-oriented team-player eager to bring strong administrative skills to a growing company in need of top-level support."
BUSINESS-DEVELOPMENT,ACCOUNTANT,1.0,BUSINESS DEVELOPMENT MANAGER           Summary     Hard working and energetic management professional focused on customer satisfaction throughout all stages of the sales life cycle.       Hig
DESIGNER,BUSINESS-DEVELOPMENT,1.0,FREELANCE WEBSITE DESIGNER         Summary     Marine Corps trained leader and business development specialist. With an extensive background in many facets throughout the operational side of
BUSINESS-DEVELOPMENT,BANKING,1.0,BUSINESS DEVELOPMENT ASSOCIATE         Professional Overview    Over five years of experience in Business Operations and a Master Degree in International Commerce and Policy with the ability
CONSULTANT,ACCOUNTANT,1.0,CONSULTANT       Professional Profile    To obtain a tax accountant position that offers me the opportunity to actively apply the knowledge and skills developed during my 9-year career in an
BUSINESS-DEVELOPMENT,CONSULTANT,1.0,"BUSINESS DEVELOPMENT CONSULTANT       Summary    Experienced in all aspects of sales cycle from business development, prospect pipeline building, lead creation, and close.          Experience"
CONSULTANT,PUBLIC-RELATIONS,1.0,CONSULTANT       Summary    Military veteran and PhD with a breadth of professional experience. Proven expertise in long- and short-term projects with tight deadlines and changing requirement
ENGINEERING,CONSTRUCTION,1.0,ENGINEERING INTERN         Summary    To contribute my skills and experience to the further the development of an organization and achieve growth in my professional career path.      Educatio
HEALTHCARE,INFORMATION-TECHNOLOGY,1.0,SR. PROJECT MANAGER       Profile     Information Technology Professional with a diverse background and 10+ years of progressive experience as an: experienced IT professional consistently del
HEALTHCARE,CHEF,1.0,"DINING SERVICES COORDINATOR       Professional Summary     I have worked in fine dining, in hotels, for more than half of my career, and I also have experience in the hospitalsetting. I have"
ADVOCATE,FITNESS,1.0,"OVERNIGHT PHARMACY TECHNICIAN           Professional Summary    Highly motivated and skilled individual with extensive background experience in customer service, administration, retail; long-"
FITNESS,SALES,1.0,KIDS CLUB ATTENDANT       Summary     Reliable and friendly  Customer Service and Sales Associate  who quickly learns and masters new concepts and skills. Passionate about helping customers a
FINANCE,ACCOUNTANT,1.0,"FINANCE ACCOUNTANT       Summary    Staff Accountant proficient flexible who adapts seamlessly to constantly evolving accounting processes and technology.  Adept at budget forecasting, financ"
APPAREL,HEALTHCARE,1.0,"GC         HEAD HOSTESS       Summary     To whom it may concern, my name is Grace Celsi and I would like to share a few of my work-centered skills all while maintaining prestigious grades. So"
ARTS,FITNESS,1.0,EXECUTIVE DIRECTOR       Professional Summary     Visionary and motivated hospitality leader with over twenty-five years of experience in project management and financial administration in bo
CONSULTANT,PUBLIC-RELATIONS,1.0,"MARKETING CONSULTANT           Summary     Value Creator, Marketing Executive:  Versatile strategic leader with over 15 years in corporate marketing, business development, and account managem"
ARTS,SALES,1.0,"INSIDE ACCOUNT MANAGER         Summary     Inside Account Manager with eight years experience at SHI to fill Inside Sales Team Manager position. Strong organizational, analytical, problem res"
ACCOUNTANT,CONSTRUCTION,1.0,"PROJECT ACCOUNTANT           Career Focus     Dedicated and focused  professional  who excels at prioritizing, completing multiple tasks simultaneously and following through to achieve projec"
CONSULTANT,INFORMATION-TECHNOLOGY,1.0,IT CONSULTANT           Professional Profile    Accomplished Senior IT Engineer with demonstrated ability to analyze business requirements and create effective technical solutions applicable
BUSINESS-DEVELOPMENT,ARTS,1.0,BUSINESS DEVELOPMENT ASSOCIATE       Summary    I appreciate your time!  I am a high performing and advanced sales professional of 10 years that can benefit your company. I know I would be a
CONSULTANT,PUBLIC-RELATIONS,1.0,"CONSULTANT       Summary     An accomplished and results-driven  MARKETING AND SALES MANAGER AND PROFESSIONAL  with extensive experience in new business development, branding, customer relati"
AUTOMOBILE,BANKING,1.0,CUSTOMER SERVICE REPRESENTATIVE           Core Strengths          Active listening skills  Strong organizational skills  Top sales performer  Adaptive team player      Seasoned in conflict re
TEACHER,BUSINESS-DEVELOPMENT,1.0,"SUBSTITUTE TEACHER       Summary    Administrative Assistant with 16+ years experience working with corporations, law firms, and large and small businesses in all aspects of business developm"
CHEF,HEALTHCARE,1.0,"KITCHEN UTILITY WORKER/EVENING WEEKEND CHEF       Professional Summary     Fast-learning recent CNA graduate , fast-paced, enthusiastic about working in a hospital , adult family home, and/or"
DIGITAL-MEDIA,AGRICULTURE,1.0,MEDIA WEATHER FORECASTER           Summary     Skilled weather forecaster with experience in the media network. Familiar with SmartMET system to make short and medium range forecasts at any s
DIGITAL-MEDIA,PUBLIC-RELATIONS,1.0,"DIGITAL CONTENT EDITOR       Summary    I am a devoted writer and editor inspired to tell stories. With solid experience in print and digital magazine, corporate communications and project ma"
APPAREL,BUSINESS-DEVELOPMENT,1.0,"ACCOUNT MANAGER/BUSINESS DEVELOPMENT           Experience      Account Manager/Business Development  ,     07/2018   to   07/2019     Company Name   –   City  ,   State      Responsible for s"
CHEF,AGRICULTURE,1.0,"TABLE GAMES DEALER           Summary    Throughout the years, I've been trained to give only the best service and customer care. It is not only about doing the job right, but to make sure the"
CONSULTANT,ACCOUNTANT,1.0,"CONSULTANT       Summary    Position in Accounting/Regulatory or banking operations      Highlights        Microsoft Office, Lotus Notes, QuickBooks, ACBS, BCS, OTG, AP, RECON+, FMS (G/L Syst"
CHEF,CONSTRUCTION,1.0,MANAGER/PIZZA CHEF       Summary       Expert in managing kitchen staff and preparing foods at reduced cost without compromising quality and taste.     Skilled Pizza Chef with exceptional kno
CONSULTANT,BUSINESS-DEVELOPMENT,1.0,"CONSULTANT       Summary     Resourceful Marketing Manager accomplished in all aspects of program and project management, content/collateral development, web/online marketing, including web d"
AVIATION,ENGINEERING,1.0,GRADUATE ENGINEER       Summary    Intellectually curious and resourceful *Great interpersonal skills and ability to communicate effectively at all levels within an organization        Experi
BPO,BUSINESS-DEVELOPMENT,1.0,BUSINESS ACCOUNT LEAD           Executive Profile     Strong Service  Delivery & Operations Management  experience with significant exposure to the entire value chain with key contributions i
CONSULTANT,DIGITAL-MEDIA,1.0,"CONSULTANT           Career Overview     Macintosh Expert with 20 years in technical and customer support roles. Experience in back-end programming, relational databases and development/maint"
APPAREL,DESIGNER,1.0,OWNER SENIOR GRAPHIC DESIGNER / UX DESIGNER / APP DEVELOPER          LINKSLINKSLINKSLINKSLINKS    dLINKSLINKSLINKSLINKSLINKSLINKS    LINKSLINKSLINKSLINKS         Professional Summary     Mult
HEALTHCARE,DIGITAL-MEDIA,1.0,PA MEDIA GROUP       Summary    Be in a position involving and utilizing my marketing and management skills and knowledge gained throughout my education and on the job experience.      Highli
BUSINESS-DEVELOPMENT,BANKING,1.0,"BUSINESS DEVELOPMENT ANALYST           Executive Profile     Business Analyst and Project Manager with specialization in IT Systems well versed in data mapping and user acceptance testing, as"
BUSINESS-DEVELOPMENT,DIGITAL-MEDIA,1.0,"DIRECTOR OF BUSINESS DEVELOPMENT                 Professional Experience      Director of Business Development    January 2010   to   Current     Company Name   －   City  ,   State    Advise"
CONSULTANT,ADVOCATE,1.0,CONSULTANT ACCOUNT       Summary    This letter is to express my interest in your          . I believe that my skills and qualifications make me a viable candidate for this opportunity. Below
DIGITAL-MEDIA,APPAREL,1.0,"DIGITAL PROJECT MANAGER         Highlights        HTML, CSS, MS Office, Magento, Simparel, Active Collab, AS400, Visuality Pro  - Familiar with Google Analytics, Photoshop, Axure and FTP syst"
CHEF,TEACHER,1.0,FOOD SERVER       Professional Summary     Hardworking professional with a history of exceeding expectations and delivering quantifiable results. Known for boosting company morale by fosterin
SALES,BUSINESS-DEVELOPMENT,1.0,"SALES       Career Focus    Professional, yet laid back top notch sales person and manager offering a 29 year background in sales and customer service, as well as in-depth understanding of th"
ADVOCATE,DIGITAL-MEDIA,1.0,SENIOR ADVISOR AND NATIONAL FUNDRAISING DIRECTOR         Professional Summary    I am an agile and hungry project manager with nearly five years of experience leading cross-functional teams i
AGRICULTURE,ENGINEERING,1.0,QUALITY ASSURANCE ASSOCIATE       Summary     Enthusiastic Chemist eager to pursue a lasting career in the Agriculture industry.  Detail-oriented Chemist with expertise in the instrumentation
ARTS,TEACHER,1.0,FIELD SUPPORT SPECILIST         Summary     Technology support representative providing workstation and application support. Provides end-user support via phone in a service desk environment.
HEALTHCARE,AUTOMOBILE,1.0,"ADVISOR       Summary     Customer Service Representative who maintains a high level of professionalism, patience and efficiency to minimize customer dissatisfaction and increase customer loy"
BPO,BANKING,1.0,SR. WORKFORCE MANAGER       Summary    Results-oriented Workforce & Relationship Manager with diverse background in management & customer service. Dedicated to providing excellent customer se
AVIATION,INFORMATION-TECHNOLOGY,1.0,AVIATION SAFETY ASSISTANT           Summary     I have 17 years of customer service experience as a administrative assistant with the Federal Aviation Administration.  Throughout my career I
