Model,Accuracy,Macro-Precision,Macro-Recall,Macro-F1,Weighted-F1,Train Time (s)
Linear SVM (C=5.0),0.6935,0.6872,0.6583,0.6542,0.682,0.6881
Linear SVM (C=1.0),0.6962,0.6692,0.6523,0.6413,0.6796,0.4744
Logistic Regression (C=10.0),0.6667,0.6379,0.6205,0.6151,0.655,1.3845
Logistic Regression (C=5.0),0.6586,0.632,0.6132,0.6067,0.6456,1.2983
Logistic Regression (C=1.0),0.6129,0.5888,0.5749,0.5632,0.5947,0.699
Linear SVM (C=0.1),0.621,0.5945,0.5823,0.5601,0.5912,0.3546
Logistic Regression (C=0.1),0.578,0.5329,0.5375,0.5026,0.5339,0.1687
Multinomial NB (alpha=0.1),0.543,0.5342,0.5005,0.4847,0.5211,0.0124
Multinomial NB (alpha=0.5),0.5349,0.5407,0.4902,0.4632,0.5006,0.0117
Multinomial NB (alpha=0.01),0.5108,0.4918,0.4709,0.4594,0.4944,0.0137
Multinomial NB (alpha=1.0),0.5296,0.5163,0.4833,0.4485,0.4881,0.013
