index,precision,recall,f1-score,support
ACCOUNTANT,0.6153846153846154,0.8888888888888888,0.7272727272727273,18.0
ADVOCATE,0.8125,0.7222222222222222,0.7647058823529411,18.0
AGRICULTURE,0.5714285714285714,0.4444444444444444,0.5,9.0
APPAREL,0.6666666666666666,0.5714285714285714,0.6153846153846154,14.0
ARTS,0.8,0.5333333333333333,0.64,15.0
AUTOMOBILE,0.6666666666666666,0.4,0.5,5.0
AVIATION,0.8888888888888888,0.8888888888888888,0.8888888888888888,18.0
BANKING,0.7368421052631579,0.8235294117647058,0.7777777777777778,17.0
BPO,0.0,0.0,0.0,3.0
BUSINESS-DEVELOPMENT,0.6111111111111112,0.6111111111111112,0.6111111111111112,18.0
CHEF,0.7647058823529411,0.7222222222222222,0.7428571428571429,18.0
CONSTRUCTION,0.7894736842105263,0.8823529411764706,0.8333333333333334,17.0
CONSULTANT,0.8333333333333334,0.2777777777777778,0.4166666666666667,18.0
DESIGNER,0.8666666666666667,0.8125,0.8387096774193549,16.0
DIGITAL-MEDIA,0.5384615384615384,0.5,0.5185185185185185,14.0
ENGINEERING,0.7368421052631579,0.7777777777777778,0.7567567567567568,18.0
FINANCE,0.7857142857142857,0.6111111111111112,0.6875,18.0
FITNESS,0.7368421052631579,0.7777777777777778,0.7567567567567568,18.0
HEALTHCARE,0.6111111111111112,0.6111111111111112,0.6111111111111112,18.0
HR,0.8421052631578947,1.0,0.9142857142857143,16.0
INFORMATION-TECHNOLOGY,0.72,1.0,0.8372093023255814,18.0
PUBLIC-RELATIONS,0.5833333333333334,0.875,0.7,16.0
SALES,0.6666666666666666,0.6666666666666666,0.6666666666666666,18.0
TEACHER,0.7222222222222222,0.8666666666666667,0.7878787878787878,15.0
accuracy,0.7184986595174263,0.7184986595174263,0.7184986595174263,0.7184986595174263
macro avg,0.6902902842986047,0.6777004551820728,0.6705579765568522,373.0
weighted avg,0.720906630575079,0.7184986595174263,0.7060179492728954,373.0
